nr,Treatment,color,Time,Block,Weight,Note
1,Strain 1,groen,7,1,9.838,
2,Strain 1,groen,7,1,3.632,
3,Strain 1,groen,7,1,10.121,
4,Strain 1,groen,7,1,5.308,
5,Strain 1,groen,7,1,4.135,
6,Strain 1,groen,7,2,5.869,
7,Strain 1,groen,7,2,6.661,
8,Strain 1,groen,7,2,10.335,
9,Strain 1,groen,7,2,7.98,
10,Strain 1,groen,7,2,5.775,
11,Strain 1,groen,7,3,5.444,
12,Strain 1,groen,7,3,5.884,
13,Strain 1,groen,7,3,6.361,
14,Strain 1,groen,7,3,6.283,
15,Strain 1,groen,7,3,5.476,
21,Strain 2,mint,7,1,9.176,
22,Strain 2,mint,7,1,5.84,
23,Strain 2,mint,7,1,6.32,
24,Strain 2,mint,7,1,10.265,
25,Strain 2,mint,7,1,3.989,
26,Strain 2,mint,7,2,3.887,
27,Strain 2,mint,7,2,4.328,
28,Strain 2,mint,7,2,7.779,
29,Strain 2,mint,7,2,6.064,
30,Strain 2,mint,7,2,4.2,
31,Strain 2,mint,7,3,5.427,
32,Strain 2,mint,7,3,4.928,
33,Strain 2,mint,7,3,2.88,
34,Strain 2,mint,7,3,7.363,
35,Strain 2,mint,7,3,7.151,
41,Strain 3,oranje,7,1,3.528,
42,Strain 3,oranje,7,1,4.886,
43,Strain 3,oranje,7,1,9.742,
44,Strain 3,oranje,7,1,5.539,
45,Strain 3,oranje,7,1,4.252,
46,Strain 3,oranje,7,2,4.722,
47,Strain 3,oranje,7,2,7.32,
48,Strain 3,oranje,7,2,6.272,
49,Strain 3,oranje,7,2,5.319,
50,Strain 3,oranje,7,2,5.046,
51,Strain 3,oranje,7,3,6.08,
52,Strain 3,oranje,7,3,3.944,
53,Strain 3,oranje,7,3,3.264,
54,Strain 3,oranje,7,3,4.49,
55,Strain 3,oranje,7,3,6.386,
61,WCS417,crème,7,1,4.902,
62,WCS417,crème,7,1,6.794,
63,WCS417,crème,7,1,5.664,
64,WCS417,crème,7,1,6.6,
65,WCS417,crème,7,1,7.405,
66,WCS417,crème,7,2,3.894,
67,WCS417,crème,7,2,8.621,
68,WCS417,crème,7,2,8.133,
69,WCS417,crème,7,2,5.906,
70,WCS417,crème,7,2,7.002,
71,WCS417,crème,7,3,6.715,
72,WCS417,crème,7,3,7.147,
73,WCS417,crème,7,3,6.829,
74,WCS417,crème,7,3,6.874,
75,WCS417,crème,7,3,9.4,
81,Heat-killed,paars,7,1,3.513,
82,Heat-killed,paars,7,1,4.219,
83,Heat-killed,paars,7,1,7.854,
84,Heat-killed,paars,7,1,10.073,
85,Heat-killed,paars,7,1,7.384,
86,Heat-killed,paars,7,2,7.942,
87,Heat-killed,paars,7,2,4.222,
88,Heat-killed,paars,7,2,7.316,
89,Heat-killed,paars,7,2,9.848,
90,Heat-killed,paars,7,2,5.084,
91,Heat-killed,paars,7,3,6.751,
92,Heat-killed,paars,7,3,7.304,
93,Heat-killed,paars,7,3,4.729,
94,Heat-killed,paars,7,3,7.366,
95,Heat-killed,paars,7,3,5.523,
101,CTRL,wit,7,1,6.506,
102,CTRL,wit,7,1,5.831,
103,CTRL,wit,7,1,7.226,
104,CTRL,wit,7,1,5.554,
105,CTRL,wit,7,1,4.471,
106,CTRL,wit,7,2,4.969,
107,CTRL,wit,7,2,5.429,
108,CTRL,wit,7,2,6.2,
109,CTRL,wit,7,2,6.671,
110,CTRL,wit,7,2,5.406,
111,CTRL,wit,7,3,5.841,
112,CTRL,wit,7,3,4.971,
113,CTRL,wit,7,3,4.998,
114,CTRL,wit,7,3,7.626,
115,CTRL,wit,7,3,8.621,
1,Strain 1,groen,13,1,168.1,
2,Strain 1,groen,13,1,79.9,
3,Strain 1,groen,13,1,55,
4,Strain 1,groen,13,1,127,
5,Strain 1,groen,13,1,112,
6,Strain 1,groen,13,2,89.3,
7,Strain 1,groen,13,2,126.4,
8,Strain 1,groen,13,2,217.3,
9,Strain 1,groen,13,2,64.5,
10,Strain 1,groen,13,2,96.8,
11,Strain 1,groen,13,3,78.1,
12,Strain 1,groen,13,3,79.1,
13,Strain 1,groen,13,3,118.6,
14,Strain 1,groen,13,3,94.5,
15,Strain 1,groen,13,3,119.3,
21,Strain 2,mint,13,1,190.4,
22,Strain 2,mint,13,1,176.3,
23,Strain 2,mint,13,1,117.5,
24,Strain 2,mint,13,1,212,
25,Strain 2,mint,13,1,102,
26,Strain 2,mint,13,2,81,
27,Strain 2,mint,13,2,91.8,
28,Strain 2,mint,13,2,160,
29,Strain 2,mint,13,2,67.1,
30,Strain 2,mint,13,2,84,
31,Strain 2,mint,13,3,98.4,
32,Strain 2,mint,13,3,106.9,
33,Strain 2,mint,13,3,86,
34,Strain 2,mint,13,3,103.2,
35,Strain 2,mint,13,3,94.4,
41,Strain 3,oranje,13,1,57.1,
42,Strain 3,oranje,13,1,160.7,
43,Strain 3,oranje,13,1,241.7,
44,Strain 3,oranje,13,1,55.4,
45,Strain 3,oranje,13,1,53,
46,Strain 3,oranje,13,2,65,
47,Strain 3,oranje,13,2,51.6,
48,Strain 3,oranje,13,2,110.3,
49,Strain 3,oranje,13,2,119.1,
50,Strain 3,oranje,13,2,109.1,
51,Strain 3,oranje,13,3,72.9,
52,Strain 3,oranje,13,3,73.3,
53,Strain 3,oranje,13,3,66.2,
54,Strain 3,oranje,13,3,95.8,
55,Strain 3,oranje,13,3,121.6,
61,WCS417,crème,13,1,77.8,
62,WCS417,crème,13,1,153.3,
63,WCS417,crème,13,1,89.1,
64,WCS417,crème,13,1,132.4,
65,WCS417,crème,13,1,130,
66,WCS417,crème,13,2,74.1,
67,WCS417,crème,13,2,220.7,
68,WCS417,crème,13,2,171.9,
69,WCS417,crème,13,2,111.7,
70,WCS417,crème,13,2,88.1,
71,WCS417,crème,13,3,125,
72,WCS417,crème,13,3,73.7,
73,WCS417,crème,13,3,144.9,
74,WCS417,crème,13,3,97.1,
75,WCS417,crème,13,3,115,
81,Heat-killed,paars,13,1,88.4,
82,Heat-killed,paars,13,1,78.2,
83,Heat-killed,paars,13,1,145.1,
84,Heat-killed,paars,13,1,127.2,
85,Heat-killed,paars,13,1,149.7,
86,Heat-killed,paars,13,2,143.1,
87,Heat-killed,paars,13,2,100.3,
88,Heat-killed,paars,13,2,147.6,
89,Heat-killed,paars,13,2,149.8,
90,Heat-killed,paars,13,2,94.2,
91,Heat-killed,paars,13,3,134.4,
92,Heat-killed,paars,13,3,99,
93,Heat-killed,paars,13,3,60.7,
94,Heat-killed,paars,13,3,162.1,
95,Heat-killed,paars,13,3,86,
101,CTRL,wit,13,1,88.5,
102,CTRL,wit,13,1,162.8,
103,CTRL,wit,13,1,162.6,
104,CTRL,wit,13,1,125.3,
105,CTRL,wit,13,1,90.5,
106,CTRL,wit,13,2,81.7,
107,CTRL,wit,13,2,150.7,
108,CTRL,wit,13,2,93.7,
109,CTRL,wit,13,2,107.1,
110,CTRL,wit,13,2,86.7,
111,CTRL,wit,13,3,145.5,
112,CTRL,wit,13,3,112.5,
113,CTRL,wit,13,3,82.3,
114,CTRL,wit,13,3,108.6,
115,CTRL,wit,13,3,184.4,
1,Strain 1,groen,16,1,485,
2,Strain 1,groen,16,1,168.9,
3,Strain 1,groen,16,1,214.3,
4,Strain 1,groen,16,1,219.1,
5,Strain 1,groen,16,1,206.6,
6,Strain 1,groen,16,2,251.2,
7,Strain 1,groen,16,2,219.4,
8,Strain 1,groen,16,2,549.1,
9,Strain 1,groen,16,2,186.1,
10,Strain 1,groen,16,2,265,
11,Strain 1,groen,16,3,218,
12,Strain 1,groen,16,3,210.1,
13,Strain 1,groen,16,3,260.6,
14,Strain 1,groen,16,3,250.9,
15,Strain 1,groen,16,3,252.3,
21,Strain 2,mint,16,1,407.8,
22,Strain 2,mint,16,1,420,
23,Strain 2,mint,16,1,208.3,
24,Strain 2,mint,16,1,507.5,
25,Strain 2,mint,16,1,246,
26,Strain 2,mint,16,2,207.6,
27,Strain 2,mint,16,2,240.6,
28,Strain 2,mint,16,2,371.3,
29,Strain 2,mint,16,2,270,
30,Strain 2,mint,16,2,245.9,
31,Strain 2,mint,16,3,228.1,
32,Strain 2,mint,16,3,262.4,
33,Strain 2,mint,16,3,194.9,
34,Strain 2,mint,16,3,225.8,
35,Strain 2,mint,16,3,253.7,
41,Strain 3,oranje,16,1,185.8,
42,Strain 3,oranje,16,1,398.4,
43,Strain 3,oranje,16,1,525.9,
44,Strain 3,oranje,16,1,266.4,
45,Strain 3,oranje,16,1,219.8,
46,Strain 3,oranje,16,2,236.3,
47,Strain 3,oranje,16,2,185.4,
48,Strain 3,oranje,16,2,224.8,
49,Strain 3,oranje,16,2,196.7,
50,Strain 3,oranje,16,2,229.7,
51,Strain 3,oranje,16,3,253.2,
52,Strain 3,oranje,16,3,224.9,
53,Strain 3,oranje,16,3,193,
54,Strain 3,oranje,16,3,213.5,
55,Strain 3,oranje,16,3,240.2,
61,WCS417,crème,16,1,256.3,
62,WCS417,crème,16,1,429.6,
63,WCS417,crème,16,1,249.1,
64,WCS417,crème,16,1,290.5,
65,WCS417,crème,16,1,107.6,
66,WCS417,crème,16,2,233.5,
67,WCS417,crème,16,2,452.8,
68,WCS417,crème,16,2,381.7,
69,WCS417,crème,16,2,254.7,
70,WCS417,crème,16,2,232.9,
71,WCS417,crème,16,3,210.4,
72,WCS417,crème,16,3,265.7,
73,WCS417,crème,16,3,404.9,
74,WCS417,crème,16,3,272.2,
75,WCS417,crème,16,3,204.5,
81,Heat-killed,paars,16,1,,
82,Heat-killed,paars,16,1,263.1,
83,Heat-killed,paars,16,1,444.1,
84,Heat-killed,paars,16,1,270.5,
85,Heat-killed,paars,16,1,367.1,
86,Heat-killed,paars,16,2,335.2,
87,Heat-killed,paars,16,2,232.2,
88,Heat-killed,paars,16,2,262.3,
89,Heat-killed,paars,16,2,368.4,
90,Heat-killed,paars,16,2,257.9,
91,Heat-killed,paars,16,3,318.9,
92,Heat-killed,paars,16,3,,
93,Heat-killed,paars,16,3,210.1,
94,Heat-killed,paars,16,3,373.5,
95,Heat-killed,paars,16,3,221.1,
101,CTRL,wit,16,1,262,
102,CTRL,wit,16,1,368.3,
103,CTRL,wit,16,1,342,
104,CTRL,wit,16,1,235,
105,CTRL,wit,16,1,229.8,
106,CTRL,wit,16,2,202.7,
107,CTRL,wit,16,2,307.4,
108,CTRL,wit,16,2,250.2,
109,CTRL,wit,16,2,240.8,
110,CTRL,wit,16,2,215.7,
111,CTRL,wit,16,3,226,
112,CTRL,wit,16,3,234.6,
113,CTRL,wit,16,3,233.7,
114,CTRL,wit,16,3,260.6,
115,CTRL,wit,16,3,373.4,
1,Strain 1,groen,18,1,,
2,Strain 1,groen,18,1,556.2,
3,Strain 1,groen,18,1,367.2,
4,Strain 1,groen,18,1,772.9,
5,Strain 1,groen,18,1,724.8,
6,Strain 1,groen,18,2,494.9,
7,Strain 1,groen,18,2,565.5,
8,Strain 1,groen,18,2,,
9,Strain 1,groen,18,2,573.5,
10,Strain 1,groen,18,2,653.8,
11,Strain 1,groen,18,3,492.1,
12,Strain 1,groen,18,3,393.3,
13,Strain 1,groen,18,3,577.7,
14,Strain 1,groen,18,3,576.1,
15,Strain 1,groen,18,3,659.8,
21,Strain 2,mint,18,1,,
22,Strain 2,mint,18,1,621.4,
23,Strain 2,mint,18,1,613.1,
24,Strain 2,mint,18,1,888.6,
25,Strain 2,mint,18,1,568.7,
26,Strain 2,mint,18,2,508.9,
27,Strain 2,mint,18,2,533.7,
28,Strain 2,mint,18,2,740,
29,Strain 2,mint,18,2,406.1,
30,Strain 2,mint,18,2,581.6,
31,Strain 2,mint,18,3,548.6,
32,Strain 2,mint,18,3,588.5,
33,Strain 2,mint,18,3,522.5,
34,Strain 2,mint,18,3,565.4,
35,Strain 2,mint,18,3,523.6,
41,Strain 3,oranje,18,1,226,
42,Strain 3,oranje,18,1,728.8,
43,Strain 3,oranje,18,1,951.5,
44,Strain 3,oranje,18,1,596.5,
45,Strain 3,oranje,18,1,379.5,
46,Strain 3,oranje,18,2,321.6,
47,Strain 3,oranje,18,2,270.4,
48,Strain 3,oranje,18,2,596.7,
49,Strain 3,oranje,18,2,525.4,
50,Strain 3,oranje,18,2,604.8,
51,Strain 3,oranje,18,3,358.3,
52,Strain 3,oranje,18,3,329.7,
53,Strain 3,oranje,18,3,453.7,
54,Strain 3,oranje,18,3,547.9,
55,Strain 3,oranje,18,3,539.3,
61,WCS417,crème,18,1,386.5,
62,WCS417,crème,18,1,799.8,
63,WCS417,crème,18,1,498.1,
64,WCS417,crème,18,1,783.7,
65,WCS417,crème,18,1,77.6,
66,WCS417,crème,18,2,366.2,
67,WCS417,crème,18,2,801.8,
68,WCS417,crème,18,2,721.2,
69,WCS417,crème,18,2,565.5,
70,WCS417,crème,18,2,468,
71,WCS417,crème,18,3,479.7,
72,WCS417,crème,18,3,393.5,
73,WCS417,crème,18,3,769.6,
74,WCS417,crème,18,3,572.4,
75,WCS417,crème,18,3,510.6,
81,Heat-killed,paars,18,1,,
82,Heat-killed,paars,18,1,578.7,
83,Heat-killed,paars,18,1,754.5,
84,Heat-killed,paars,18,1,688.2,
85,Heat-killed,paars,18,1,831.9,
86,Heat-killed,paars,18,2,628,
87,Heat-killed,paars,18,2,458.9,
88,Heat-killed,paars,18,2,680.7,
89,Heat-killed,paars,18,2,686.5,
90,Heat-killed,paars,18,2,579.3,
91,Heat-killed,paars,18,3,549.7,
92,Heat-killed,paars,18,3,610,
93,Heat-killed,paars,18,3,240.2,
94,Heat-killed,paars,18,3,767.7,
95,Heat-killed,paars,18,3,540.9,
101,CTRL,wit,18,1,424.6,
102,CTRL,wit,18,1,815.9,
103,CTRL,wit,18,1,678.1,
104,CTRL,wit,18,1,557.2,
105,CTRL,wit,18,1,572.2,
106,CTRL,wit,18,2,427.5,
107,CTRL,wit,18,2,576,
108,CTRL,wit,18,2,535.5,
109,CTRL,wit,18,2,337.1,
110,CTRL,wit,18,2,549.4,
111,CTRL,wit,18,3,604.3,
112,CTRL,wit,18,3,593.2,
113,CTRL,wit,18,3,433.3,
114,CTRL,wit,18,3,608.7,
115,CTRL,wit,18,3,613.3,
